{"cameraMode":{"drawMode":0,"name":"Shaded","section":"Shading Mode"},"sceneLighting":false,"audioPlay":false,"sceneViewState":{"showFog":true,"showMaterialUpdate":false,"showSkybox":false,"showFlares":true,"showImageEffects":true,"showParticleSystems":true},"in2DMode":false,"pivot":{"x":-5.21540641784668e-8,"y":0.06556043028831482,"z":0.18727147579193116},"rotation":{"x":-0.09176125377416611,"y":-0.2320012003183365,"z":0.02198992483317852,"w":-0.9681289792060852},"size":0.2692464292049408,"orthographic":true}