{"cameraMode":{"drawMode":0,"name":"Shaded","section":"Shading Mode"},"sceneLighting":true,"audioPlay":false,"sceneViewState":{"showFog":true,"showMaterialUpdate":false,"showSkybox":true,"showFlares":true,"showImageEffects":true,"showParticleSystems":true},"in2DMode":false,"pivot":{"x":62.838714599609378,"y":-11.759444236755371,"z":61.51457595825195},"rotation":{"x":-0.06842058151960373,"y":-0.7882779836654663,"z":0.0891302153468132,"w":-0.6050059795379639},"size":43.368812561035159,"orthographic":false}