{"cameraMode":{"drawMode":0,"name":"Shaded","section":"Shading Mode"},"sceneLighting":true,"audioPlay":false,"sceneViewState":{"showFog":true,"showMaterialUpdate":false,"showSkybox":true,"showFlares":true,"showImageEffects":true,"showParticleSystems":true},"in2DMode":false,"pivot":{"x":62.838714599609378,"y":-11.759444236755371,"z":61.51457595825195},"rotation":{"x":-0.07808475196361542,"y":-0.6861286163330078,"z":0.07445285469293595,"w":-0.7194638848304749},"size":38.944156646728519,"orthographic":false}