{"cameraMode":{"drawMode":0,"name":"Shaded","section":"Shading Mode"},"sceneLighting":false,"audioPlay":false,"sceneViewState":{"showFog":true,"showMaterialUpdate":false,"showSkybox":false,"showFlares":true,"showImageEffects":true,"showParticleSystems":true},"in2DMode":false,"pivot":{"x":0.041529133915901187,"y":-0.026771849021315576,"z":-0.2772018313407898},"rotation":{"x":-0.017680197954177858,"y":0.9764953255653381,"z":-0.08812230825424195,"w":-0.19591248035430909},"size":0.3988399803638458,"orthographic":true}