{"cameraMode":{"drawMode":0,"name":"Shaded","section":"Shading Mode"},"sceneLighting":true,"audioPlay":false,"sceneViewState":{"showFog":true,"showMaterialUpdate":false,"showSkybox":true,"showFlares":true,"showImageEffects":true,"showParticleSystems":true},"in2DMode":false,"pivot":{"x":62.838714599609378,"y":-11.759444236755371,"z":61.51457595825195},"rotation":{"x":-0.08246028423309326,"y":-0.4857316017150879,"z":0.046075738966464999,"w":-0.8690115809440613},"size":42.962100982666019,"orthographic":false}