{"cameraMode":{"drawMode":0,"name":"Shaded","section":"Shading Mode"},"sceneLighting":false,"audioPlay":false,"sceneViewState":{"showFog":true,"showMaterialUpdate":false,"showSkybox":false,"showFlares":true,"showImageEffects":true,"showParticleSystems":true},"in2DMode":false,"pivot":{"x":0.06450453400611878,"y":-0.0029999911785125734,"z":0.0020000040531158449},"rotation":{"x":-0.1802649199962616,"y":0.1384912133216858,"z":-0.025655794888734819,"w":-0.9735015630722046},"size":1.0634346008300782,"orthographic":false}