{"cameraMode":{"drawMode":0,"name":"Shaded","section":"Shading Mode"},"sceneLighting":false,"audioPlay":false,"sceneViewState":{"showFog":true,"showMaterialUpdate":false,"showSkybox":false,"showFlares":true,"showImageEffects":true,"showParticleSystems":true},"in2DMode":false,"pivot":{"x":1.5000004768371583,"y":0.0,"z":1.4999995231628419},"rotation":{"x":-0.19260098040103913,"y":-0.6204323768615723,"z":0.16078989207744599,"w":-0.7430792450904846},"size":2.736001491546631,"orthographic":false}