{"cameraMode":{"drawMode":0,"name":"Shaded","section":"Shading Mode"},"sceneLighting":false,"audioPlay":false,"sceneViewState":{"showFog":true,"showMaterialUpdate":false,"showSkybox":false,"showFlares":true,"showImageEffects":true,"showParticleSystems":true},"in2DMode":false,"pivot":{"x":10.50000286102295,"y":2.000000476837158,"z":10.49999713897705},"rotation":{"x":-0.1863785684108734,"y":-0.6344435214996338,"z":0.16137993335723878,"w":-0.7326363325119019},"size":15.333802223205567,"orthographic":false}