{"cameraMode":{"drawMode":0,"name":"Shaded","section":"Shading Mode"},"sceneLighting":true,"audioPlay":false,"sceneViewState":{"showFog":true,"showMaterialUpdate":false,"showSkybox":true,"showFlares":true,"showImageEffects":true,"showParticleSystems":true},"in2DMode":false,"pivot":{"x":-7.854377269744873,"y":6.218355178833008,"z":35.69341278076172},"rotation":{"x":-0.027382342144846917,"y":-0.6113372445106506,"z":0.021138852462172509,"w":-0.7906478047370911},"size":7.089326858520508,"orthographic":false}