{"cameraMode":{"drawMode":0,"name":"Shaded","section":"Shading Mode"},"sceneLighting":false,"audioPlay":false,"sceneViewState":{"showFog":true,"showMaterialUpdate":false,"showSkybox":false,"showFlares":true,"showImageEffects":true,"showParticleSystems":true},"in2DMode":false,"pivot":{"x":13.50001335144043,"y":4.000000476837158,"z":13.500003814697266},"rotation":{"x":-0.10426206141710282,"y":-0.8873435854911804,"z":0.3757842481136322,"w":-0.2461516410112381},"size":19.85259437561035,"orthographic":false}