{"cameraMode":{"drawMode":0,"name":"Shaded","section":"Shading Mode"},"sceneLighting":true,"audioPlay":false,"sceneViewState":{"showFog":true,"showMaterialUpdate":false,"showSkybox":true,"showFlares":true,"showImageEffects":true,"showParticleSystems":true},"in2DMode":false,"pivot":{"x":62.838714599609378,"y":-11.759444236755371,"z":61.51457595825195},"rotation":{"x":-0.07316602021455765,"y":-0.7467858791351318,"z":0.08330387622117996,"w":-0.6557877659797669},"size":43.368812561035159,"orthographic":false}