{"cameraMode":{"drawMode":0,"name":"Shaded","section":"Shading Mode"},"sceneLighting":false,"audioPlay":false,"sceneViewState":{"showFog":true,"showMaterialUpdate":false,"showSkybox":false,"showFlares":true,"showImageEffects":true,"showParticleSystems":true},"in2DMode":false,"pivot":{"x":-0.9107263684272766,"y":1.7268695831298829,"z":0.47209596633911135},"rotation":{"x":0.09894153475761414,"y":-0.6962553858757019,"z":0.09784196317195893,"w":0.7042059898376465},"size":1.8974528312683106,"orthographic":false}