{"cameraMode":{"drawMode":0,"name":"Shaded","section":"Shading Mode"},"sceneLighting":true,"audioPlay":false,"sceneViewState":{"showFog":true,"showMaterialUpdate":false,"showSkybox":true,"showFlares":true,"showImageEffects":true,"showParticleSystems":true},"in2DMode":false,"pivot":{"x":-20.66082763671875,"y":4.148354530334473,"z":4.823413372039795},"rotation":{"x":-0.1474931240081787,"y":-0.5766801834106445,"z":0.10676892846822739,"w":-0.7964534759521484},"size":4.840683937072754,"orthographic":false}